Word,tfidf
systems,0.5371761353546132
protection,0.377101142742162
fire,0.3235000533141529
firetrol,0.24324407430645445
safety,0.19969318914619702
service,0.18527333084898806
life,0.18308850383425943
security,0.15876409640361397
solutions,0.13618755058475143
design,0.1098239712736926
detection,0.09205404488723305
services,0.09016052814113491
provide,0.08884963193229772
suppression,0.08433432276852522
integrated,0.07748853145570885
repair,0.07341018769488206
needs,0.07166232608309915
sprinkler,0.0707883952772077
facilities,0.0700601196056315
texas,0.06510784503891326
system,0.06335998342713035
property,0.06117515641240171
office,0.05899032939767308
login,0.05811639859178163
review,0.0576794331888359
maintenance,0.05695115751725969
alarm,0.055348951039792024
location,0.05156191754759573
near,0.05127060727896525
schedule,0.05127060727896525
business,0.05054233160738904
meet,0.05054233160738904
advanced,0.0483575045926604
technology,0.04762922892108419
reports,0.04748357378676895
equipment,0.046463987846562256
best,0.04544440190635556
industry,0.04500743650340983
dir,0.04427916083183362
inc,0.04340523002594217
experience,0.042968264622996445
dry,0.0428226094886812
building,0.042385644085735474
providing,0.04151171327984402
people,0.04122040301121354
locations,0.04107474787689829
requirements,0.04092909274258305
customers,0.04034647220532208
need,0.03990950680237636
technologies,0.038598610593539175
resources,0.038452955459223934
notification,0.03830730032490869
range,0.03816164519059345
constantly,0.03685074898175627
chemical,0.03466592196702764
contract,0.03408330142976667
wide,0.03393764629545143
team,0.0335006808925057
work,0.0335006808925057
aboutcareerslocationscustomer,0.03320937062387522
loginbuilding,0.03320937062387522
approved,0.032918060355244735
commercial,0.032626750086614247
detectionfire,0.032481094952299006
technicians,0.032044129549353276
support,0.03146150901209231
customer,0.030587578206200856
rights,0.030441923071885615
available,0.030296267937570374
applications,0.02942233713167892
txmas,0.029276681997363677
contractor,0.028985371728733195
information,0.02883971659441795
foam,0.02869406146010271
clean,0.028402751191472224
clients,0.028402751191472224
installation,0.028402751191472224
access,0.028111440922841742
government,0.028111440922841742
hazards,0.027820130654211257
designinstallationinspectionmaintenance,0.027674475519896012
menu,0.027674475519896012
militarydata,0.027674475519896012
navigate,0.027674475519896012
staffcareersjob,0.027674475519896012
systemsfire,0.027674475519896012
systemsintegrated,0.027674475519896012
tab,0.027674475519896012
ensure,0.027091854982635045
local,0.026509234445374077
trusted,0.026217924176743592
water,0.02607226904242835
cctv,0.025926613908113107
management,0.025635303639482625
inspection,0.0251983382365369
state,0.0251983382365369
company,0.025052683102221654
hazard,0.025052683102221654
dirpeopletechnical,0.024907027967906413
logincopyright,0.024907027967906413
offers,0.024907027967906413
postingsservicessystem,0.024907027967906413
reportsservicetradeaboutpartnershipsorganizationstxmastexas,0.024907027967906413
reserved,0.024907027967906413
servicetechnologieslife,0.024907027967906413
solutionsdistributorshipssolutionshealthcareindustrialgovernment,0.024907027967906413
technologyeducationcommerciallocationsmoreuse,0.024907027967906413
facility,0.02476137283359117
education,0.0241787522963302
install,0.023887442027699716
leading,0.023887442027699716
maintain,0.023887442027699716
careerslocationsservicetrade,0.02272220095317778
evolving,0.022576545818862537
results,0.022576545818862537
special,0.022576545818862537
emergency,0.022430890684547296
working,0.022430890684547296
control,0.02213958041591681
data,0.02213958041591681
mass,0.02213958041591681
experienced,0.02199392528160157
industrial,0.021702615012971084
monitoring,0.021556959878655843
professionals,0.021556959878655843
complex,0.0214113047443406
designed,0.02068302907276439
careers,0.020246063669818664
critical,0.01995475340118818
solution,0.01995475340118818
engineers,0.019517787998242452
deluge,0.019226477729611967
district,0.019226477729611967
options,0.019226477729611967
project,0.019226477729611967
variety,0.019226477729611967
staff,0.019080822595296726
plan,0.01893516746098148
time,0.01893516746098148
cost,0.01878951232666624
necessary,0.01878951232666624
provides,0.01878951232666624
consistent,0.018498202058035755
offer,0.018352546923720514
products,0.018352546923720514
small,0.018352546923720514
teams,0.018352546923720514
manufacturer,0.017915581520774788
personnel,0.017915581520774788
years,0.017915581520774788
different,0.017769926386459547
valuable,0.01747861611782906
complete,0.017041650714883335
highest,0.017041650714883335
healthcare,0.01675034044625285
expertise,0.01660468531193761
items,0.01660468531193761
page,0.01660468531193761
response,0.016313375043307123
inspect,0.016167719908991882
employees,0.016022064774676638
offices,0.016022064774676638
order,0.016022064774676638
software,0.016022064774676638
enterprise,0.015876409640361397
job,0.015876409640361397
sales,0.015876409640361397
dedicated,0.015585099371730913
employs,0.015585099371730913
fires,0.015585099371730913
largest,0.015585099371730913
level,0.015585099371730913
specific,0.015585099371730913
contact,0.01543944423741567
identify,0.01543944423741567
pre,0.015293789103100428
industries,0.015148133968785187
performance,0.015148133968785187
physical,0.015148133968785187
partner,0.01471116856583946
specialized,0.01471116856583946
national,0.014419858297208975
changing,0.014274203162893734
protecting,0.014274203162893734
servicetrade,0.014274203162893734
postings,0.014128548028578491
protect,0.014128548028578491
applicationsfiretrol,0.013982892894263249
solutionssolutions,0.013982892894263249
military,0.013837237759948006
technical,0.013691582625632765
effective,0.01340027235700228
spray,0.01340027235700228
american,0.013108962088371796
automatic,0.013108962088371796
deliver,0.013108962088371796
inspectors,0.013108962088371796
pricing,0.013108962088371796
multi,0.012963306954056553
code,0.012817651819741312
engineering,0.012817651819741312
fabrication,0.012817651819741312
general,0.012817651819741312
licensed,0.012817651819741312
managers,0.012817651819741312
operation,0.012817651819741312
partners,0.012817651819741312
projects,0.012817651819741312
requires,0.012817651819741312
risk,0.012817651819741312
schedules,0.012817651819741312
seller,0.012817651819741312
smoke,0.012817651819741312
care,0.01267199668542607
line,0.01267199668542607
ability,0.012526341551110827
application,0.012526341551110827
bosch,0.012526341551110827
able,0.012380686416795584
comprehensive,0.012380686416795584
inspections,0.012380686416795584
installed,0.012380686416795584
makes,0.012380686416795584
manufacturers,0.012380686416795584
partnerships,0.012380686416795584
provider,0.012380686416795584
strive,0.012380686416795584
tailored,0.012380686416795584
term,0.012380686416795584
today,0.012380686416795584
trained,0.012380686416795584
better,0.012235031282480343
help,0.0120893761481651
number,0.0120893761481651
video,0.0120893761481651
year,0.0120893761481651
institutions,0.011943721013849858
insurance,0.011943721013849858
members,0.011943721013849858
minimax,0.011943721013849858
responsibility,0.011943721013849858
sensitive,0.011943721013849858
types,0.011943721013849858
asset,0.011506755610904132
career,0.011506755610904132
common,0.011506755610904132
means,0.011506755610904132
understands,0.011506755610904132
pumps,0.01136110047658889
wet,0.01136110047658889
differences,0.011069790207958405
distributorships,0.011069790207958405
environments,0.011069790207958405
rooms,0.011069790207958405
compliance,0.010778479939327922
designers,0.010778479939327922
installers,0.010778479939327922
gsa,0.010341514536382195
codes,0.010195859402066952
po,0.01005020426775171
reference,0.01005020426775171
costs,0.009904549133436469
email,0.009904549133436469
free,0.009904549133436469
representative,0.009904549133436469
source,0.009904549133436469
designated,0.009758893999121226
expert,0.009758893999121226
inert,0.009758893999121226
mist,0.009758893999121226
multiple,0.009758893999121226
vendor,0.009758893999121226
agents,0.009613238864805983
assist,0.009613238864805983
authorities,0.009613238864805983
broad,0.009613238864805983
construction,0.009613238864805983
decades,0.009613238864805983
delivers,0.009613238864805983
delivery,0.009613238864805983
end,0.009613238864805983
entire,0.009613238864805983
feed,0.009613238864805983
health,0.009613238864805983
including,0.009613238864805983
infrastructure,0.009613238864805983
markets,0.009613238864805983
multifaceted,0.009613238864805983
new,0.009613238864805983
program,0.009613238864805983
public,0.009613238864805983
south,0.009613238864805983
staffs,0.009613238864805983
turnkey,0.009613238864805983
ways,0.009613238864805983
administrative,0.00946758373049074
gas,0.00946758373049074
heat,0.00946758373049074
evacuation,0.0093219285961755
uscareerslocationsservicetrade,0.0093219285961755
view,0.0093219285961755
appropriate,0.009176273461860257
challenges,0.009176273461860257
commission,0.009176273461860257
companies,0.009176273461860257
dynamics,0.009176273461860257
experts,0.009176273461860257
integrate,0.009176273461860257
integrity,0.009176273461860257
leader,0.009176273461860257
long,0.009176273461860257
mind,0.009176273461860257
operations,0.009176273461860257
organizations,0.009176273461860257
peace,0.009176273461860257
unique,0.009176273461860257
house,0.009030618327545014
high,0.008884963193229773
proven,0.008884963193229773
addressed,0.00873930805891453
aircraft,0.00873930805891453
assets,0.00873930805891453
build,0.00873930805891453
certified,0.00873930805891453
devastating,0.00873930805891453
established,0.00873930805891453
excellence,0.00873930805891453
extinguish,0.00873930805891453
large,0.00873930805891453
perform,0.00873930805891453
product,0.00873930805891453
scalable,0.00873930805891453
school,0.00873930805891453
tech,0.00873930805891453
touchfind,0.00873930805891453
action,0.008593652924599288
backflow,0.008593652924599288
pipe,0.008593652924599288
ongoing,0.008447997790284047
power,0.008447997790284047
adapt,0.008302342655968804
demands,0.008302342655968804
dependable,0.008302342655968804
invest,0.008302342655968804
latest,0.008302342655968804
operational,0.008302342655968804
opportunities,0.008302342655968804
reliable,0.008302342655968804
servicing,0.008302342655968804
budget,0.007719722118707835
department,0.007719722118707835
success,0.0075740669843925934
combined,0.007428411850077351
components,0.007428411850077351
economic,0.007428411850077351
test,0.007428411850077351
current,0.007282756715762109
recognized,0.006991446447131624
catalog,0.00670013617850114
contractorcontract,0.00670013617850114
easy,0.00670013617850114
eliminates,0.00670013617850114
estimates,0.00670013617850114
excessive,0.00670013617850114
expansion,0.00670013617850114
foams,0.00670013617850114
hardware,0.00670013617850114
history,0.00670013617850114
material,0.00670013617850114
minimum,0.00670013617850114
optimum,0.00670013617850114
quick,0.00670013617850114
quote,0.00670013617850114
rates,0.00670013617850114
solutionsfiretrol,0.00670013617850114
surveillance,0.00670013617850114
fax,0.006554481044185898
generate,0.006554481044185898
low,0.006554481044185898
accordance,0.006408825909870656
administration,0.006408825909870656
agent,0.006408825909870656
allows,0.006408825909870656
approach,0.006408825909870656
areas,0.006408825909870656
aspects,0.006408825909870656
associations,0.006408825909870656
award,0.006408825909870656
brands,0.006408825909870656
budgets,0.006408825909870656
businesses,0.006408825909870656
commit,0.006408825909870656
completely,0.006408825909870656
completion,0.006408825909870656
condition,0.006408825909870656
convenient,0.006408825909870656
cooperative,0.006408825909870656
date,0.006408825909870656
defined,0.006408825909870656
departments,0.006408825909870656
directly,0.006408825909870656
documentation,0.006408825909870656
efficiently,0.006408825909870656
ensuring,0.006408825909870656
entities,0.006408825909870656
especially,0.006408825909870656
expanding,0.006408825909870656
features,0.006408825909870656
following,0.006408825909870656
gases,0.006408825909870656
goals,0.006408825909870656
immediate,0.006408825909870656
impact,0.006408825909870656
individually,0.006408825909870656
inspected,0.006408825909870656
installs,0.006408825909870656
integrates,0.006408825909870656
located,0.006408825909870656
major,0.006408825909870656
manager,0.006408825909870656
met,0.006408825909870656
october,0.006408825909870656
offering,0.006408825909870656
operative,0.006408825909870656
outside,0.006408825909870656
owners,0.006408825909870656
partnership,0.006408825909870656
phone,0.006408825909870656
platforms,0.006408825909870656
proprietary,0.006408825909870656
purchaser,0.006408825909870656
quality,0.006408825909870656
recognizes,0.006408825909870656
recommendations,0.006408825909870656
regulatory,0.006408825909870656
represents,0.006408825909870656
resource,0.006408825909870656
right,0.006408825909870656
risks,0.006408825909870656
sector,0.006408825909870656
serving,0.006408825909870656
single,0.006408825909870656
size,0.006408825909870656
skilled,0.006408825909870656
southwest,0.006408825909870656
strategically,0.006408825909870656
successful,0.006408825909870656
supplied,0.006408825909870656
timely,0.006408825909870656
training,0.006408825909870656
ufc,0.006408825909870656
unbiased,0.006408825909870656
want,0.006408825909870656
warranty,0.006408825909870656
altronix,0.0062631707755554135
cameras,0.0062631707755554135
distributors,0.0062631707755554135
gaseous,0.0062631707755554135
honeywell,0.0062631707755554135
digital,0.006117515641240172
family,0.006117515641240172
fully,0.006117515641240172
intercom,0.006117515641240172
mobile,0.006117515641240172
paid,0.006117515641240172
retirement,0.006117515641240172
specialists,0.006117515641240172
vacation,0.006117515641240172
weeks,0.006117515641240172
addition,0.005971860506924929
addressing,0.005971860506924929
agencies,0.005971860506924929
benefits,0.005971860506924929
bring,0.005971860506924929
come,0.005971860506924929
communications,0.005971860506924929
consequences,0.005971860506924929
continually,0.005971860506924929
continue,0.005971860506924929
cornerstone,0.005971860506924929
development,0.005971860506924929
diverse,0.005971860506924929
educational,0.005971860506924929
event,0.005971860506924929
exceed,0.005971860506924929
exceeding,0.005971860506924929
find,0.005971860506924929
furthermore,0.005971860506924929
great,0.005971860506924929
hard,0.005971860506924929
helps,0.005971860506924929
include,0.005971860506924929
joint,0.005971860506924929
loss,0.005971860506924929
maintained,0.005971860506924929
malfunctioning,0.005971860506924929
measures,0.005971860506924929
offered,0.005971860506924929
partnered,0.005971860506924929
professionally,0.005971860506924929
programs,0.005971860506924929
properly,0.005971860506924929
protected,0.005971860506924929
recognize,0.005971860506924929
related,0.005971860506924929
rely,0.005971860506924929
respected,0.005971860506924929
result,0.005971860506924929
safe,0.005971860506924929
set,0.005971860506924929
states,0.005971860506924929
understanding,0.005971860506924929
united,0.005971860506924929
warning,0.005971860506924929
comp,0.005826205372609687
criticalfiretrol,0.005826205372609687
firetrolfiretrol,0.005826205372609687
hidden,0.005826205372609687
industrymany,0.005826205372609687
onfiretrol,0.005826205372609687
situations,0.005826205372609687
technologiesfire,0.005826205372609687
analytics,0.005680550238294445
professional,0.005680550238294445
standpipe,0.005680550238294445
accomplish,0.005534895103979203
adequate,0.005534895103979203
array,0.005534895103979203
based,0.005534895103979203
copyright,0.005534895103979203
dangerous,0.005534895103979203
designing,0.005534895103979203
detect,0.005534895103979203
extinguishing,0.005534895103979203
fundamental,0.005534895103979203
hangars,0.005534895103979203
inclusion,0.005534895103979203
installing,0.005534895103979203
ip,0.005534895103979203
lines,0.005534895103979203
petrochemical,0.005534895103979203
plants,0.005534895103979203
respect,0.005534895103979203
server,0.005534895103979203
standard,0.005534895103979203
switching,0.005534895103979203
telecom,0.005534895103979203
threat,0.005534895103979203
way,0.005534895103979203
systemsfiretrol,0.005389239969663961
techniciansservice,0.005097929701033476
technologieslife,0.005097929701033476
continuity,0.004952274566718234
association,0.004806619432402992
required,0.00466096429808775
standards,0.0042239988951420235
diversity,0.003932688626511539
naspo,0.0037870334921962967
antonio,0.0036413783578810545
christi,0.0036413783578810545
founded,0.003495723223565812
future,0.003495723223565812
mission,0.003495723223565812
trust,0.003495723223565812
usour,0.003495723223565812
afff,0.00335006808925057
air,0.00335006808925057
alcohol,0.00335006808925057
argon,0.00335006808925057
beam,0.00335006808925057
biometrics,0.00335006808925057
brivo,0.00335006808925057
criteria,0.00335006808925057
dsc,0.00335006808925057
eagle,0.00335006808925057
emerge,0.00335006808925057
est,0.00335006808925057
exacq,0.00335006808925057
eye,0.00335006808925057
fci,0.00335006808925057
fixed,0.00335006808925057
flame,0.00335006808925057
form,0.00335006808925057
gamewell,0.00335006808925057
knight,0.00335006808925057
linear,0.00335006808925057
lite,0.00335006808925057
mid,0.00335006808925057
mxone,0.00335006808925057
networks,0.00335006808925057
notifier,0.00335006808925057
novec,0.00335006808925057
online,0.00335006808925057
payable,0.00335006808925057
purchase,0.00335006808925057
request,0.00335006808925057
resistant,0.00335006808925057
sampling,0.00335006808925057
silent,0.00335006808925057
spot,0.00335006808925057
type,0.00335006808925057
vehicle,0.00335006808925057
vision,0.00335006808925057
vivotek,0.00335006808925057
watchdog,0.00335006808925057
aafame,0.003204412954935328
abilities,0.003204412954935328
accommodate,0.003204412954935328
achieve,0.003204412954935328
achieving,0.003204412954935328
acoe,0.003204412954935328
acquire,0.003204412954935328
advancements,0.003204412954935328
advise,0.003204412954935328
affordably,0.003204412954935328
agrees,0.003204412954935328
alert,0.003204412954935328
aligning,0.003204412954935328
allow,0.003204412954935328
allowing,0.003204412954935328
analysis,0.003204412954935328
annual,0.003204412954935328
apartment,0.003204412954935328
applicable,0.003204412954935328
area,0.003204412954935328
art,0.003204412954935328
ascribed,0.003204412954935328
assigned,0.003204412954935328
assistance,0.003204412954935328
balance,0.003204412954935328
banking,0.003204412954935328
believe,0.003204412954935328
boma,0.003204412954935328
brand,0.003204412954935328
budgeting,0.003204412954935328
busy,0.003204412954935328
buy,0.003204412954935328
calls,0.003204412954935328
campus,0.003204412954935328
cater,0.003204412954935328
causing,0.003204412954935328
central,0.003204412954935328
certain,0.003204412954935328
challenge,0.003204412954935328
clear,0.003204412954935328
click,0.003204412954935328
communication,0.003204412954935328
compartmented,0.003204412954935328
conceptual,0.003204412954935328
conductive,0.003204412954935328
configured,0.003204412954935328
confirm,0.003204412954935328
constant,0.003204412954935328
constructible,0.003204412954935328
consult,0.003204412954935328
consultants,0.003204412954935328
consulting,0.003204412954935328
contractors,0.003204412954935328
contracts,0.003204412954935328
counseling,0.003204412954935328
count,0.003204412954935328
coverage,0.003204412954935328
covered,0.003204412954935328
create,0.003204412954935328
cross,0.003204412954935328
cybersecurity,0.003204412954935328
cycle,0.003204412954935328
daily,0.003204412954935328
damage,0.003204412954935328
defective,0.003204412954935328
defense,0.003204412954935328
defining,0.003204412954935328
delivered,0.003204412954935328
designs,0.003204412954935328
detail,0.003204412954935328
determine,0.003204412954935328
developed,0.003204412954935328
dgs,0.003204412954935328
dgstexas,0.003204412954935328
digitally,0.003204412954935328
diligently,0.003204412954935328
disability,0.003204412954935328
discounts,0.003204412954935328
disruption,0.003204412954935328
documented,0.003204412954935328
ease,0.003204412954935328
effectively,0.003204412954935328
efficient,0.003204412954935328
electrical,0.003204412954935328
elements,0.003204412954935328
employee,0.003204412954935328
encourage,0.003204412954935328
engineer,0.003204412954935328
engineered,0.003204412954935328
enhance,0.003204412954935328
environment,0.003204412954935328
equipped,0.003204412954935328
estimating,0.003204412954935328
etc,0.003204412954935328
excluded,0.003204412954935328
execution,0.003204412954935328
exotic,0.003204412954935328
expansions,0.003204412954935328
expense,0.003204412954935328
expiration,0.003204412954935328
express,0.003204412954935328
extensive,0.003204412954935328
extent,0.003204412954935328
factors,0.003204412954935328
families,0.003204412954935328
field,0.003204412954935328
finishes,0.003204412954935328
fitness,0.003204412954935328
flammable,0.003204412954935328
flow,0.003204412954935328
fm,0.003204412954935328
focuses,0.003204412954935328
foremost,0.003204412954935328
forms,0.003204412954935328
found,0.003204412954935328
foundation,0.003204412954935328
functions,0.003204412954935328
furnish,0.003204412954935328
geared,0.003204412954935328
generous,0.003204412954935328
global,0.003204412954935328
goal,0.003204412954935328
goes,0.003204412954935328
good,0.003204412954935328
got,0.003204412954935328
governing,0.003204412954935328
grease,0.003204412954935328
greater,0.003204412954935328
greatest,0.003204412954935328
greatly,0.003204412954935328
guarantee,0.003204412954935328
hangers,0.003204412954935328
hassle,0.003204412954935328
having,0.003204412954935328
healthy,0.003204412954935328
helping,0.003204412954935328
hereunder,0.003204412954935328
historical,0.003204412954935328
hold,0.003204412954935328
holidays,0.003204412954935328
honored,0.003204412954935328
hope,0.003204412954935328
hour,0.003204412954935328
ic,0.003204412954935328
ics,0.003204412954935328
ict,0.003204412954935328
implied,0.003204412954935328
improvements,0.003204412954935328
improves,0.003204412954935328
inception,0.003204412954935328
incorporate,0.003204412954935328
independent,0.003204412954935328
infant,0.003204412954935328
innovative,0.003204412954935328
inspects,0.003204412954935328
integrating,0.003204412954935328
integration,0.003204412954935328
intended,0.003204412954935328
inventory,0.003204412954935328
investing,0.003204412954935328
issues,0.003204412954935328
jaco,0.003204412954935328
jurisdiction,0.003204412954935328
key,0.003204412954935328
knowing,0.003204412954935328
learning,0.003204412954935328
levels,0.003204412954935328
lifestyles,0.003204412954935328
lifts,0.003204412954935328
limited,0.003204412954935328
liquid,0.003204412954935328
lives,0.003204412954935328
longer,0.003204412954935328
maintains,0.003204412954935328
making,0.003204412954935328
manage,0.003204412954935328
map,0.003204412954935328
match,0.003204412954935328
materials,0.003204412954935328
mean,0.003204412954935328
merchantability,0.003204412954935328
metals,0.003204412954935328
metro,0.003204412954935328
minimal,0.003204412954935328
minimize,0.003204412954935328
mitigate,0.003204412954935328
navfac,0.003204412954935328
needed,0.003204412954935328
non,0.003204412954935328
nurse,0.003204412954935328
objectives,0.003204412954935328
occupancy,0.003204412954935328
occupant,0.003204412954935328
occupied,0.003204412954935328
optimize,0.003204412954935328
ordering,0.003204412954935328
organization,0.003204412954935328
overall,0.003204412954935328
owner,0.003204412954935328
path,0.003204412954935328
performed,0.003204412954935328
perimeter,0.003204412954935328
period,0.003204412954935328
plans,0.003204412954935328
platform,0.003204412954935328
pooling,0.003204412954935328
portal,0.003204412954935328
pose,0.003204412954935328
premier,0.003204412954935328
priority,0.003204412954935328
promote,0.003204412954935328
proper,0.003204412954935328
protects,0.003204412954935328
proud,0.003204412954935328
provided,0.003204412954935328
pto,0.003204412954935328
ranging,0.003204412954935328
rated,0.003204412954935328
ready,0.003204412954935328
receive,0.003204412954935328
reduced,0.003204412954935328
relationships,0.003204412954935328
repairs,0.003204412954935328
replace,0.003204412954935328
reporting,0.003204412954935328
require,0.003204412954935328
resellers,0.003204412954935328
respective,0.003204412954935328
rest,0.003204412954935328
restoration,0.003204412954935328
retrieval,0.003204412954935328
return,0.003204412954935328
revenues,0.003204412954935328
safely,0.003204412954935328
said,0.003204412954935328
satisfy,0.003204412954935328
scenes,0.003204412954935328
seek,0.003204412954935328
segments,0.003204412954935328
select,0.003204412954935328
serve,0.003204412954935328
solid,0.003204412954935328
spaces,0.003204412954935328
spec,0.003204412954935328
specialize,0.003204412954935328
specifications,0.003204412954935328
specified,0.003204412954935328
spend,0.003204412954935328
starts,0.003204412954935328
step,0.003204412954935328
steps,0.003204412954935328
stocked,0.003204412954935328
strategy,0.003204412954935328
stringent,0.003204412954935328
students,0.003204412954935328
subsidiary,0.003204412954935328
supplemental,0.003204412954935328
suppressing,0.003204412954935328
sure,0.003204412954935328
surveys,0.003204412954935328
tenant,0.003204412954935328
tested,0.003204412954935328
tests,0.003204412954935328
theft,0.003204412954935328
thorough,0.003204412954935328
tirelessly,0.003204412954935328
turned,0.003204412954935328
understood,0.003204412954935328
underwriters,0.003204412954935328
unified,0.003204412954935328
upgrades,0.003204412954935328
user,0.003204412954935328
utilize,0.003204412954935328
value,0.003204412954935328
vesting,0.003204412954935328
viking,0.003204412954935328
visit,0.003204412954935328
warehouses,0.003204412954935328
warranties,0.003204412954935328
warrants,0.003204412954935328
website,0.003204412954935328
wellness,0.003204412954935328
workmanship,0.003204412954935328
works,0.003204412954935328
worldwide,0.003204412954935328
demanding,0.003058757820620086
important,0.003058757820620086
servicesjoin,0.003058757820620086
alertus,0.0029131026863048436
amerex,0.0029131026863048436
apprenticeships,0.0029131026863048436
attentionfiretrol,0.0029131026863048436
avigilon,0.0029131026863048436
axis,0.0029131026863048436
badger,0.0029131026863048436
bestfind,0.0029131026863048436
careat,0.0029131026863048436
cash,0.0029131026863048436
certifications,0.0029131026863048436
choose,0.0029131026863048436
companyabout,0.0029131026863048436
continental,0.0029131026863048436
contractorfiretrol,0.0029131026863048436
controlbecause,0.0029131026863048436
days,0.0029131026863048436
deliverfor,0.0029131026863048436
det,0.0029131026863048436
dmp,0.0029131026863048436
evaluate,0.0029131026863048436
extinguishers,0.0029131026863048436
financing,0.0029131026863048436
futurefiretrol,0.0029131026863048436
hose,0.0029131026863048436
immediately,0.0029131026863048436
industriesfiretrol,0.0029131026863048436
installationturn,0.0029131026863048436
investment,0.0029131026863048436
kitchen,0.0029131026863048436
lighting,0.0029131026863048436
locationfiretrol,0.0029131026863048436
marioff,0.0029131026863048436
matching,0.0029131026863048436
missionthe,0.0029131026863048436
optionsfiretrol,0.0029131026863048436
overviewfiretrol,0.0029131026863048436
peoplewe,0.0029131026863048436
planning,0.0029131026863048436
position,0.0029131026863048436
potter,0.0029131026863048436
preventers,0.0029131026863048436
preventors,0.0029131026863048436
protectowire,0.0029131026863048436
regardless,0.0029131026863048436
restaurant,0.0029131026863048436
safetyfiretrol,0.0029131026863048436
salient,0.0029131026863048436
securityfiretrol,0.0029131026863048436
seriouslyfiretrol,0.0029131026863048436
serviceswith,0.0029131026863048436
shooter,0.0029131026863048436
stafffiretrol,0.0029131026863048436
stat,0.0029131026863048436
storage,0.0029131026863048436
systemsclean,0.0029131026863048436
systemsnot,0.0029131026863048436
title,0.0029131026863048436
trainings,0.0029131026863048436
tronics,0.0029131026863048436
unused,0.0029131026863048436
vested,0.0029131026863048436
aboutpartnershipsorganizationstxmastexas,0.0027674475519896013
address,0.0027674475519896013
amplification,0.0027674475519896013
annunciation,0.0027674475519896013
apart,0.0027674475519896013
attend,0.0027674475519896013
backgrounds,0.0027674475519896013
base,0.0027674475519896013
beliefs,0.0027674475519896013
bi,0.0027674475519896013
built,0.0027674475519896013
clientele,0.0027674475519896013
communities,0.0027674475519896013
completing,0.0027674475519896013
contributes,0.0027674475519896013
correctly,0.0027674475519896013
corresponds,0.0027674475519896013
country,0.0027674475519896013
creating,0.0027674475519896013
creativity,0.0027674475519896013
custom,0.0027674475519896013
declined,0.0027674475519896013
dedication,0.0027674475519896013
demand,0.0027674475519896013
developments,0.0027674475519896013
directional,0.0027674475519896013
distributor,0.0027674475519896013
driving,0.0027674475519896013
early,0.0027674475519896013
effects,0.0027674475519896013
embrace,0.0027674475519896013
embracing,0.0027674475519896013
energy,0.0027674475519896013
enjoy,0.0027674475519896013
executing,0.0027674475519896013
expectations,0.0027674475519896013
experiences,0.0027674475519896013
financial,0.0027674475519896013
finest,0.0027674475519896013
focused,0.0027674475519896013
follow,0.0027674475519896013
fun,0.0027674475519896013
function,0.0027674475519896013
growth,0.0027674475519896013
held,0.0027674475519896013
incorporating,0.0027674475519896013
incur,0.0027674475519896013
infuse,0.0027674475519896013
inspecting,0.0027674475519896013
interested,0.0027674475519896013
joining,0.0027674475519896013
leverage,0.0027674475519896013
like,0.0027674475519896013
likewise,0.0027674475519896013
live,0.0027674475519896013
mall,0.0027674475519896013
managing,0.0027674475519896013
mandated,0.0027674475519896013
manufactures,0.0027674475519896013
meeting,0.0027674475519896013
modern,0.0027674475519896013
nearly,0.0027674475519896013
numerous,0.0027674475519896013
oldest,0.0027674475519896013
owned,0.0027674475519896013
paging,0.0027674475519896013
panel,0.0027674475519896013
panels,0.0027674475519896013
particular,0.0027674475519896013
peopletechnical,0.0027674475519896013
percent,0.0027674475519896013
person,0.0027674475519896013
place,0.0027674475519896013
play,0.0027674475519896013
played,0.0027674475519896013
positions,0.0027674475519896013
potentially,0.0027674475519896013
prevention,0.0027674475519896013
principles,0.0027674475519896013
privately,0.0027674475519896013
process,0.0027674475519896013
proudly,0.0027674475519896013
providers,0.0027674475519896013
qualified,0.0027674475519896013
reduction,0.0027674475519896013
regularly,0.0027674475519896013
reward,0.0027674475519896013
rewarding,0.0027674475519896013
role,0.0027674475519896013
scheduled,0.0027674475519896013
sensors,0.0027674475519896013
servicessystem,0.0027674475519896013
shop,0.0027674475519896013
significant,0.0027674475519896013
simple,0.0027674475519896013
solutionsdistributorships,0.0027674475519896013
solutionshealthcareindustrialgovernment,0.0027674475519896013
specialty,0.0027674475519896013
spite,0.0027674475519896013
standby,0.0027674475519896013
steadfast,0.0027674475519896013
strives,0.0027674475519896013
suit,0.0027674475519896013
supplies,0.0027674475519896013
teamwork,0.0027674475519896013
technological,0.0027674475519896013
technologyeducationcommercial,0.0027674475519896013
testing,0.0027674475519896013
times,0.0027674475519896013
todays,0.0027674475519896013
underground,0.0027674475519896013
unparalleled,0.0027674475519896013
use,0.0027674475519896013
utilized,0.0027674475519896013
voice,0.0027674475519896013
world,0.0027674475519896013
designersinstallerscommissioning,0.002621792417674359
systemstechnologies,0.002621792417674359
associationautomatic,0.002476137283359117
associationnational,0.002476137283359117
associationsociety,0.002476137283359117
continuityservices,0.002476137283359117
continuitywhat,0.002476137283359117
engineersamerican,0.002476137283359117
holderlife,0.002476137283359117
holdertexas,0.002476137283359117
industriesenterprise,0.002476137283359117
industriesflexible,0.002476137283359117
industriesgaseous,0.002476137283359117
industriesour,0.002476137283359117
industriesprotection,0.002476137283359117
managementfiretrol,0.002476137283359117
needsspecial,0.002476137283359117
postingsfiretrol,0.002476137283359117
servicetrust,0.002476137283359117
situationsfire,0.002476137283359117
statementfiretrol,0.002476137283359117
systemsa,0.002476137283359117
technicianscommissioning,0.002476137283359117
universityat,0.002476137283359117
abouttexas,0.002330482149043875
locationscontact,0.002330482149043875
servicesfiretrol,0.002330482149043875
technologiesfiretrol,0.002330482149043875
technologiesintegrated,0.002330482149043875
structural,0.0021848270147286327
applicationscommercial,0.0018935167460981484
applicationswhen,0.0018935167460981484
commissioning,0.0018935167460981484
dirdepartment,0.0018935167460981484
industrysystems,0.0018935167460981484
militarywhen,0.0018935167460981484
officefind,0.0018935167460981484
organizationsorganizationsnational,0.0018935167460981484
postingscurrent,0.0018935167460981484
statement,0.0018935167460981484
technicianstechnical,0.0018935167460981484
technologya,0.0018935167460981484
cares,0.001602206477467664
continuitytrusted,0.001602206477467664
peopleget,0.001602206477467664
serviceget,0.001602206477467664
staffwhy,0.001602206477467664
systemsconsistent,0.001602206477467664
uslife,0.001602206477467664
abouttxmasprotect,0.0013108962088371795
historyfounded,0.0013108962088371795
holder,0.0013108962088371795
advancement,0.0011652410745219375
austin,0.0011652410745219375
considerations,0.0011652410745219375
abouttxmas,0.0010195859402066952
distributorsbecause,0.0010195859402066952
partnershipsfiretrol,0.0010195859402066952
touch,0.000873930805891453
corpus,0.0007282756715762109
dallas,0.0007282756715762109
disciplines,0.0007282756715762109
flexible,0.0007282756715762109
houston,0.0007282756715762109
lubbock,0.0007282756715762109
nationwide,0.0007282756715762109
san,0.0007282756715762109
society,0.0007282756715762109
taking,0.0007282756715762109
temple,0.0007282756715762109
tyler,0.0007282756715762109
associationcareerslocationsservicetrade,0.0005826205372609687
careersfor,0.0005826205372609687
organizationsnational,0.0005826205372609687
attention,0.00029131026863048437
careerscareersfor,0.00029131026863048437
distribuorshipsdistributorsbecause,0.00029131026863048437
districts,0.00029131026863048437
overview,0.00029131026863048437
partnershipspartnershipsfiretrol,0.00029131026863048437
secure,0.00029131026863048437
seriously,0.00029131026863048437
turn,0.00029131026863048437
university,0.00029131026863048437
demandi,0.00014565513431524218
distribuorships,0.00014565513431524218
join,0.00014565513431524218
ng,0.00014565513431524218
